<application>
  <component name="BaseRefactoringSettings">
    <option name="SAFE_DELETE_WHEN_DELETE" value="false" />
    <option name="RENAME_SEARCH_IN_COMMENTS_FOR_FILE" value="false" />
    <option name="RENAME_SEARCH_FOR_TEXT_FOR_FILE" value="false" />
  </component>
  <component name="PhpRefactoringSettings">
    <option name="EXTRACT_METHOD_DEFAULT_VISIBILITY" value="private" />
  </component>
  <component name="RefactoringSettings">
    <option name="INTRODUCE_LOCAL_CREATE_FINALS" value="false" />
  </component>
</application>