<application>
  <component name="FileTypeManager" version="18">
    <extensionMap>
      <mapping pattern="logger" type="AUTO_DETECTED" />
      <mapping ext="sve" type="HTML" />
      <mapping pattern="backup/restore-databases" type="Markdown" />
      <mapping pattern="*.scss.d.ts" type="PLAIN_TEXT" />
      <mapping pattern="test" type="PLAIN_TEXT" />
      <mapping pattern="remove-me" type="PLAIN_TEXT" />
      <mapping pattern="testme" type="PLAIN_TEXT" />
      <mapping pattern="TODO" type="PLAIN_TEXT" />
      <mapping pattern="bla" type="PLAIN_TEXT" />
      <mapping pattern="LICENSE" type="PLAIN_TEXT" />
      <mapping pattern="generator" type="PLAIN_TEXT" />
      <mapping pattern="size-mockups" type="PLAIN_TEXT" />
      <mapping pattern="class-file2" type="PLAIN_TEXT" />
      <mapping pattern="examples" type="PLAIN_TEXT" />
      <mapping pattern="asdsad" type="PLAIN_TEXT" />
      <mapping pattern=".gitkeep" type="PLAIN_TEXT" />
      <mapping pattern="UsersView" type="PLAIN_TEXT" />
      <mapping ext="thtml" type="PLAIN_TEXT" />
      <mapping ext="tmx" type="PLAIN_TEXT" />
      <mapping ext="webmanifest" type="PLAIN_TEXT" />
      <mapping ext="dot" type="PLAIN_TEXT" />
      <mapping ext="dist" type="PLAIN_TEXT" />
      <mapping ext="mo" type="PLAIN_TEXT" />
      <mapping ext="tsc" type="PLAIN_TEXT" />
      <mapping pattern="util" type="TypeScript" />
      <mapping ext="d" type="TypeScript" />
      <mapping ext="v2ts" type="TypeScript" />
      <mapping pattern="Form" type="TypeScript JSX" />
      <removed_mapping pattern="*.d.ts" approved="true" type="PLAIN_TEXT" />
      <removed_mapping ext="ignore" approved="true" type="IgnoreLang file" />
      <mapping pattern="append-line" type="Bash" />
      <mapping pattern="new-i18n-key" type="Bash" />
      <mapping pattern="older-than" type="Bash" />
    </extensionMap>
  </component>
</application>