<application>
  <component name="GitToolBoxAppSettings2">
    <option name="absoluteDateTimeStyle" value="DMY_TIME" />
    <option name="extrasConfig">
      <ExtrasConfig>
        <option name="autoFetchEnabledOverride">
          <BoolConfigOverride>
            <option name="applied">
              <list>
                <AppliedConfigOverride>
                  <option name="projectPath" value="$USER_HOME$/programs/java/maven-annotations" />
                </AppliedConfigOverride>
                <AppliedConfigOverride>
                  <option name="projectPath" value="$USER_HOME$/programs/javascript/king-of-the-hill" />
                </AppliedConfigOverride>
                <AppliedConfigOverride>
                  <option name="projectPath" value="$USER_HOME$/programs/javascript/static-html-transitions" />
                </AppliedConfigOverride>
                <AppliedConfigOverride>
                  <option name="projectPath" value="$USER_HOME$/programs/javascript/util" />
                </AppliedConfigOverride>
                <AppliedConfigOverride>
                  <option name="projectPath" value="$USER_HOME$/programs/javascript/dragAndDragEditor" />
                </AppliedConfigOverride>
                <AppliedConfigOverride>
                  <option name="projectPath" value="$USER_HOME$/programs/javascript/typed-html-neo" />
                </AppliedConfigOverride>
                <AppliedConfigOverride>
                  <option name="projectPath" value="$USER_HOME$/programs/javascript/solitaire" />
                </AppliedConfigOverride>
                <AppliedConfigOverride>
                  <option name="projectPath" value="$USER_HOME$/programs/javascript/firefox-addon" />
                </AppliedConfigOverride>
                <AppliedConfigOverride>
                  <option name="projectPath" value="$USER_HOME$/Documents/Game Ideas and Thoughts" />
                </AppliedConfigOverride>
                <AppliedConfigOverride>
                  <option name="projectPath" value="/tmp/Hours Worked -  February.txt" />
                </AppliedConfigOverride>
                <AppliedConfigOverride>
                  <option name="projectPath" value="$USER_HOME$/programs/javascript/one-offs/function-reference" />
                </AppliedConfigOverride>
                <AppliedConfigOverride>
                  <option name="projectPath" value="$USER_HOME$/programs/javascript/tilemap-pixi" />
                </AppliedConfigOverride>
                <AppliedConfigOverride>
                  <option name="projectPath" value="/tmp/eform-notes.txt" />
                </AppliedConfigOverride>
                <AppliedConfigOverride>
                  <option name="projectPath" value="$USER_HOME$/programs/java/gs-rest-service" />
                </AppliedConfigOverride>
                <AppliedConfigOverride>
                  <option name="projectPath" value="$USER_HOME$/programs/javascript/tetris" />
                </AppliedConfigOverride>
                <AppliedConfigOverride>
                  <option name="projectPath" value="$USER_HOME$/programs/javascript/one-offs/pixijs" />
                </AppliedConfigOverride>
                <AppliedConfigOverride>
                  <option name="projectPath" value="$USER_HOME$/programs/javascript/one-offs/redux-test" />
                </AppliedConfigOverride>
                <AppliedConfigOverride>
                  <option name="projectPath" value="$USER_HOME$/programs/javascript/one-offs/project-euler" />
                </AppliedConfigOverride>
              </list>
            </option>
            <option name="enabled" value="true" />
          </BoolConfigOverride>
        </option>
      </ExtrasConfig>
    </option>
    <option name="previousVersionMigrated" value="true" />
    <option name="version" value="3" />
  </component>
</application>