<application>
  <component name="GeneralSettings">
    <option name="autoSaveIfInactive" value="true" />
    <option name="confirmExit" value="false" />
    <option name="confirmOpenNewProject2" value="0" />
    <option name="processCloseConfirmation" value="DISCONNECT" />
    <option name="autoSaveFiles" value="false" />
    <option name="searchInBackground" value="true" />
  </component>
  <component name="Registry">
    <entry key="ide.firstStartup" value="false" />
    <entry key="SBT.system.in.process" value="true" />
    <entry key="CBT.system.in.process" value="true" />
    <entry key="ide.tooltip.initialDelay" value="400" />
    <entry key="vcs.annotations.preload" value="true" />
  </component>
</application>