<application>
  <component name="ActionMacroManager">
    <macro name="throw-undefined">
      <action id="SurroundWithLiveTemplate" />
      <typing text-keycode="84:0">t</typing>
      <action id="EditorSelectWord" />
      <action id="EditorSelectWord" />
      <action id="Replace" />
      <shortuct text="alt S" />
      <typing text-keycode="44:0">,</typing>
      <shortuct text="TAB" />
      <typing text-keycode="61:0;61:0;61:0;32:0;85:0;78:0;68:0;69:0;70:0;73:0;78:0;69:0;68:0;32:0;92:1;92:1;32:1">===&amp;#x20;undefined&amp;#x20;||&amp;#x20;</typing>
    </macro>
    <macro name="undefi">
      <action id="SurroundWithLiveTemplate" />
      <typing text-keycode="84:0">t</typing>
      <action id="EditorSelectWord" />
      <action id="EditorSelectWord" />
      <action id="Replace" />
      <shortuct text="alt S" />
      <action id="$SelectAll" />
      <typing text-keycode="44:0">,</typing>
      <shortuct text="TAB" />
      <typing text-keycode="61:0;61:0;61:0;32:0;85:0;78:0;68:0;69:0;70:0;73:0;78:0;69:0;68:0;32:0;92:1;92:1;32:0">===&amp;#x20;undefined&amp;#x20;||&amp;#x20;</typing>
      <shortuct text="alt A" />
      <shortuct text="ESCAPE" />
      <action id="EditorEscape" />
    </macro>
    <macro name="sads">
      <action id="SurroundWithLiveTemplate" />
      <typing text-keycode="84:0">t</typing>
    </macro>
    <macro name="i18n-key-create">
      <action id="GotoFile" />
      <typing text-keycode="49:0;56:0;78:0;75:0;69:0;89:0">18nkey</typing>
      <shortuct text="ENTER" />
      <action id="Find" />
      <typing text-keycode="69:0;78:0;85:0;77:0;32:0;76:1;79:0;67:0;65:0;76:0;75:1;69:0">enum&amp;#x20;LocalKe</typing>
      <action id="EditorBackSpace" />
      <action id="EditorBackSpace" />
      <typing text-keycode="69:0;75:1;69:0;89:0;32:0;91:1">eKey&amp;#x20;{</typing>
      <shortuct text="ESCAPE" />
      <action id="EditorEscape" />
      <action id="EditorEnter" />
      <action id="EditorPaste" />
      <typing text-keycode="44:0">,</typing>
      <action id="GotoFile" />
      <typing text-keycode="69:0;78:0;85:0;83:0">enus</typing>
      <shortuct text="ENTER" />
      <action id="Find" />
      <typing text-keycode="73:0;77:0;80:0;79:0">impo</typing>
      <shortuct text="ESCAPE" />
      <action id="EditorEscape" />
      <action id="Find" />
      <typing text-keycode="69:0;88:0;80:0;79:0;82:0;84:0;32:0;70:0;85:0;78:0">export&amp;#x20;fun</typing>
      <shortuct text="ESCAPE" />
      <action id="EditorEscape" />
      <action id="EditorLineStart" />
      <action id="EditorEnter" />
      <action id="EditorUp" />
      <typing text-keycode="69:0;88:0;80:0;79:0;82:0;84:0;32:0;70:0;85:0;78:0;67:0;84:0;73:0;79:0;78:0;32:0;68:0;89:0;78:0;65:0;77:0;73:0;67:0;84:1;69:0;88:0;84:0;57:1;75:0;69:0;89:0;59:1;32:1">export&amp;#x20;function&amp;#x20;dynamicText(key:&amp;#x20;</typing>
      <action id="EditorPaste" />
      <typing text-keycode="48:1;59:1;83:0;84:0;82:0;73:0;78:0;71:0;59:0">):string;</typing>
      <action id="Find" />
      <typing text-keycode="83:0;87:0;73:0;84:0;67:0;72:0;32:0;57:1">switch&amp;#x20;(</typing>
      <shortuct text="ESCAPE" />
      <action id="EditorEscape" />
      <action id="EditorLineEnd" />
      <action id="EditorEnter" />
      <typing text-keycode="67:0;65:0;83:0;69:0;32:0">case&amp;#x20;</typing>
      <action id="EditorPaste" />
      <typing text-keycode="59:1">:</typing>
      <action id="EditorEnter" />
      <typing text-keycode="82:0;69:0;84:0;85:0;82:0;78:0;32:0">return&amp;#x20;</typing>
      <action id="PasteMultiple" />
      <shortuct text="DOWN" />
      <shortuct text="ENTER" />
      <typing text-keycode="59:0">;</typing>
    </macro>
    <macro name="bla">
      <action id="Find" />
      <typing text-keycode="69:0;88:0;80:0;79:0;82:0;84:0;32:0;78:0;65:0;77:0">export&amp;#x20;nam</typing>
      <shortuct text="shift control ESCAPE" />
      <shortuct text="shift control ESCAPE" />
      <shortuct text="shift control ESCAPE" />
      <shortuct text="ESCAPE" />
    </macro>
    <macro name="bla2">
      <action id="Find" />
      <typing text-keycode="69:0;88:0;80:0;79:0;82:0;84:0;32:0;78:0;65:0;77:0">export&amp;#x20;nam</typing>
      <shortuct text="shift control ESCAPE" />
      <shortuct text="ESCAPE" />
      <action id="EditorEscape" />
      <action id="EditorLineStart" />
    </macro>
    <macro name="i18n-key">
      <typing text-keycode="73:1;49:0;56:0;78:0;46:0;83:0;84:0;82:0;57:1">I18n.str(</typing>
      <action id="PasteMultiple" />
      <shortuct text="ENTER" />
      <action id="EditorRight" />
      <action id="GotoFile" />
      <typing text-keycode="73:0;49:0;56:0;78:0;75:0;69:0;89:0">i18nkey</typing>
      <shortuct text="ENTER" />
      <action id="Find" />
      <shortuct text="DOWN" />
      <shortuct text="UP" />
      <shortuct text="ESCAPE" />
      <action id="EditorDown" />
      <action id="EditorUp" />
      <action id="Find" />
      <typing text-keycode="69:0;78:0;85:0;77:0;32:0">enum&amp;#x20;</typing>
      <shortuct text="shift control ESCAPE" />
      <shortuct text="ESCAPE" />
      <action id="EditorLineStart" />
      <action id="EditorDown" />
      <action id="EditorPaste" />
      <typing text-keycode="44:0">,</typing>
      <action id="EditorEnter" />
      <action id="GotoFile" />
      <typing text-keycode="69:0;78:0;85:0;83:0">enus</typing>
      <shortuct text="ENTER" />
      <action id="EditorDown" />
      <action id="Find" />
      <typing text-keycode="83:0;87:0;73:0;84:0;67:0;72:0;32:0;57:1;75:0">switch&amp;#x20;(k</typing>
      <shortuct text="shift control ESCAPE" />
      <shortuct text="ESCAPE" />
      <action id="EditorEscape" />
      <shortuct text="ESCAPE" />
      <action id="EditorLineStart" />
      <action id="EditorLineStart" />
      <action id="EditorUp" />
      <action id="EditorEnter" />
      <action id="EditorUp" />
      <typing text-keycode="69:0;88:0;80:0;79:0;82:0;84:0;32:0;70:0;78:0;67:0">export&amp;#x20;fnc</typing>
      <action id="EditorBackSpace" />
      <action id="EditorBackSpace" />
      <typing text-keycode="85:0;78:0;67:0;84:0;73:0;79:0;78:0;32:0;68:0;89:0;78:0;65:0;77:0;73:0;67:0;84:1;69:0;88:0;84:0;57:1;75:0;69:0;89:0;59:1;32:0">unction&amp;#x20;dynamicText(key:&amp;#x20;</typing>
      <action id="EditorPaste" />
      <typing text-keycode="48:1;59:1;83:0;84:0;82:0;73:0;78:0;71:0;59:0">):string;</typing>
      <action id="Find" />
      <typing text-keycode="83:0;87:0;73:0;84:0;67:0;72:0;32:1;57:1">switch&amp;#x20;(</typing>
      <shortuct text="shift control ESCAPE" />
      <shortuct text="ESCAPE" />
      <action id="EditorEscape" />
      <action id="EditorLineEnd" />
      <action id="EditorEnter" />
      <typing text-keycode="67:0;65:0;83:0;69:0;32:0">case&amp;#x20;</typing>
      <action id="EditorPaste" />
      <typing text-keycode="59:1">:</typing>
      <action id="EditorEnter" />
      <typing text-keycode="82:0;69:0;84:0;85:0;82:0;78:0;32:0">return&amp;#x20;</typing>
      <action id="PasteMultiple" />
      <shortuct text="DOWN" />
      <shortuct text="ENTER" />
      <typing text-keycode="59:0">;</typing>
    </macro>
  </component>
</application>