<application>
  <component name="ProjectManager">
    <defaultProject>
      <component name="Encoding">
        <file url="PROJECT" charset="UTF-8" />
      </component>
      <component name="PhpCodeSniffer">
        <phpcs_settings>
          <PhpCSConfiguration tool_path="$USER_HOME$/.config/composer/vendor/squizlabs/php_codesniffer/bin/phpcs" />
        </phpcs_settings>
      </component>
      <component name="PhpWorkspaceProjectConfiguration" backward_compatibility_performed="true" />
      <component name="ProjectRootManager" version="2" languageLevel="JDK_1_6" />
      <component name="PropertiesComponent">
        <property name="nodejs_interpreter_path.stuck_in_default_project" value="/usr/bin/node" />
        <property name="nodejs_npm_path_reset_for_default_project" value="true" />
      </component>
      <component name="RunManager">
        <configuration default="true" type="Applet" factoryName="Applet">
          <option name="WIDTH" value="400" />
          <option name="HEIGHT" value="300" />
          <option name="POLICY_FILE" value="$APPLICATION_HOME_DIR$/bin/appletviewer.policy" />
          <module />
          <method />
        </configuration>
        <configuration default="true" type="Application" factoryName="Application">
          <option name="WORKING_DIRECTORY" value="$PROJECT_DIR$" />
          <method v="2">
            <option name="Make" enabled="true" />
          </method>
        </configuration>
      </component>
      <component name="masterDetails">
        <states>
          <state key="ProjectJDKs.UI">
            <settings>
              <last-edited>1.7</last-edited>
              <splitter-proportions>
                <option name="proportions">
                  <list>
                    <option value="0.2" />
                  </list>
                </option>
              </splitter-proportions>
            </settings>
          </state>
        </states>
      </component>
    </defaultProject>
  </component>
</application>