<application>
  <component name="DependencyUISettings">
    <option name="UI_FLATTEN_PACKAGES" value="false" />
    <option name="UI_COMPACT_EMPTY_MIDDLE_PACKAGES" value="false" />
    <option name="SCOPE_TYPE" value="file" />
  </component>
  <component name="UISettings">
    <option name="ANIMATE_WINDOWS" value="false" />
    <option name="MAX_LOOKUP_LIST_HEIGHT" value="12" />
    <option name="OVERRIDE_NONIDEA_LAF_FONTS" value="true" />
    <option name="smoothScrolling" value="false" />
  </component>
</application>