<application>
  <component name="UpdatesConfigurable">
    <enabledExternalComponentSources>
      <item value="Android SDK" />
    </enabledExternalComponentSources>
    <option name="externalUpdateChannels">
      <map>
        <entry key="Android SDK" value="Stable Channel" />
      </map>
    </option>
    <ignoredBuildNumbers>
      <item value="163.3512.7" />
      <item value="163.3983.4" />
      <item value="163.4396.1" />
      <item value="163.12024.16" />
      <item value="171.3224.1" />
      <item value="171.3566.24" />
      <item value="171.4073.28" />
      <item value="171.4073.17" />
      <item value="171.4073.35" />
      <item value="181.4668.14" />
      <item value="182.4323.46" />
    </ignoredBuildNumbers>
    <knownExternalComponentSources>
      <item value="Android SDK" />
    </knownExternalComponentSources>
    <option name="LAST_BUILD_CHECKED" value="IU-203.7148.57" />
    <option name="LAST_TIME_CHECKED" value="1614448254406" />
    <pluginHosts>
      <item value="https://plugins.jetbrains.com/plugins/eap/1347" />
    </pluginHosts>
    <option name="THIRD_PARTY_PLUGINS_ALLOWED" value="true" />
  </component>
</application>